#,Venue (current name),Venue type,"Capacity (sellout, main event types)",On-site spaces (venue-run),Satellite spaces (shuttled),Cars per sellout,Drive share / mode split,Vehicle occupancy,Event traffic configuration,Published clearance time,Source URLs
1,Dodger Stadium (no rename),dedicated lots,"56,000 baseball (reported)","16,000+ (reported: LAist Jun 2026; DodgerBlue Jan 2026). CONFLICT: 14,000 on lower-quality parking sites. Team parking/FAQ pages give no count (checked Oct 2026).","No venue-run satellite lots. Metro Dodger Stadium Express buses from Union Station (parking $8) and Harbor Gateway/South Bay stops; free with game ticket (official, Metro/team).",n/f,"Measured share n/f. LADOT: 'most attendees drive' (official, qualitative). Dodger Stadium Express carried >150,000 fans in 2019 season (official, Metro). ESTIMATED: 150,000 / 81 games = ~1,850 per game / ~49,000 avg attendance = ~3.8% by Express bus (may count round trips). LADOT Dodger Stadium Transportation Study recommendations due Fall 2026; not published as of 6 Oct 2026 (official).",n/f,"Express buses use a dedicated lane on Sunset Blvd (official, MSRC). Police/LADOT-directed gate exits are anecdotal only; no plan document found.",n/f,https://laist.com/news/transportation/dodger-stadium-traffic-gondola-walking-paths-buses-what-should-la-do ; https://dodgerblue.com/dodger-stadium-parking-and-los-angeles-traffic/2026/01/21/ ; https://ladot.lacity.gov/dodger-stadium ; https://metro-magazine.mydigitalpublication.com/july-2021/page-7 ; https://www.cleantransportationfunding.org/node/390 ; https://www.mlb.com/dodgers/ballpark/transportation/frequently-asked-questions
2,"Crypto.com Arena (formerly STAPLES Center, renamed 2021)",downtown grid; shared district (L.A. Live with Peacock Theater),"~18,000-19,000 basketball/hockey; ~20,000 concert (reported)","Downtown venue: no dedicated venue lots. Code-required parking only: 2,200 STAPLES / 3,583 L.A. Live (official, Farmers Field DEIR; requirements not supply). Convention Center/L.A. Live Way site had 5,558 spaces in 2012: LA Live Way garage 858, West Hall 1,625, Bond St lots 283, South Hall 1,671, Venice 1,121 (official, LADOT letter). L.A. Live Olympic East/West garage counts n/f.","None venue-run. Nearby off-street supply: 42,922 spaces within 15-20 min walk, ~79% within 15 min (official, LADOT 2012).","Measured n/f. EIR PROJECTION for a 72,000-seat NFL event at this site: 19,467 cars weekday / 19,560 weekend (official modeling, not measured; different venue).",Measured n/f. EIR assumptions for stadium event at this site (derived from local stadium data): weekday 73% auto / 20% transit / 7% walk; weekend 81.5% auto / 15% transit / 3.5% walk (official assumption). LADOT letter says these came from 'empirical data from local sports stadiums' but arena-specific survey not located.,"EIR assumption: 2.70 persons/car weekday, 3.00 weekend (official assumption, stadium event).","EIR proposed post-event closures of LA Live Way, Chick Hearn Ct, Georgia St, 12th St for pedestrian egress (official, proposed for stadium). Actual arena-night closures n/f. EIR assumed 75% of outbound cars leave in the post-event hour (official assumption).",n/f,https://libraryarchives.metro.net/DPGTL/losangelescity/convention-event-center-DEIR/Farmers-Field-DEIR-Volume-8-Appendix-I.2-LADOT-Traffic-Study-Approval-Letter.pdf ; https://libraryarchives.metro.net/DPGTL/losangelescity/convention-event-center-DEIR/Farmers-Field-DEIR-Volume-1-Section-4.B.2-Parking.pdf
3,Los Angeles Memorial Coliseum,"shared district (Exposition Park with BMO Stadium, museums, USC)","77,500 football (reported)","4,800+ spaces within Exposition Park and adjacent lots, shared with BMO Stadium (official, BMO Stadium). Entrances at MLK & Hoover and 39th & Figueroa; USC campus parking additional, count n/f (official, Coliseum). Exposition Park event calendar lists which lots each event uses (official).",n/f (Metro E Line Expo Park/USC and Expo/Vermont adjacent; no shuttled lots found),n/f,n/f,n/f,n/f (no city event traffic plan document found),n/f,https://bmostadium.com/?p=237342 ; https://www.lacoliseum.com/parking/ ; https://expositionpark.ca.gov/?p=16248
4,"BMO Stadium (formerly Banc of California Stadium, renamed 2023)",shared district (Exposition Park with Coliseum),"22,000 soccer (reported)","Shares the 4,800+ Exposition Park spaces with the Coliseum (official, BMO Stadium); no BMO-only count published.",n/f,n/f,n/f,n/f,n/f,n/f,https://bmostadium.com/?p=237342 ; https://expositionpark.ca.gov/?p=16248
5,SoFi Stadium,"shared district (Hollywood Park: SoFi, YouTube Theater; Intuit Dome and Kia Forum lots also sold for SoFi events)","70,240 NFL (official, ITC transportation study); expandable to ~100,000 (reported)","No official count found. 9,000+ (reported, weak: meetstadium.com). Parking sold by color zones across Hollywood Park, advance purchase only; two Hollywood Park garages plus surface lots (official SoFi; reported Parking & Mobility). Kia Forum lots and Intuit Dome garages sold for SoFi events (reported).","Inglewood Park & Go: 4,000+ spaces, six remote locations, city/LAZ shuttle (official, City of Inglewood). Metro Park & Ride lots (Hawthorne/Lennox, Crenshaw, Aviation) with free stadium shuttle (reported).",n/f,"Measured n/f. City event model (ITC EIR App. D 'Event Travel Characteristics') contains mode split by venue/event type but was not retrieved. ITC projection: ~29,300 people-mover riders per NFL game in 2027 (official projection).",n/f (ITC event model includes 'average vehicle ridership' assumption; not retrieved),"City of Inglewood Stadium Events Transportation Management and Operations Plan (TMOP) referenced in ITC EIR; document n/f (official reference). Citywide residential permit parking, no event street parking (official). Lots close 1 hr after event (official FAQ).","Lots close 1 hr after event (official policy, not a measurement). Blog: lots 1-3 take 45-60 min to clear, lots 4-7 30-45 min after 70,000 event (anecdotal, inglewoodtickets.com).",https://www.sofistadium.com/plan-your-visit/parking-and-transportation ; https://www.sofistadium.com/plan-your-visit/faqs ; https://www.cityofinglewood.org/1394/Parking-for-Events ; https://inglewoodparkgo.com/ ; https://envisioninglewood.org/wp-content/uploads/2022/01/Apx_O_Transportation.pdf ; https://meetstadium.com/stadiums/sofi-stadium/ ; https://parking-mobility-magazine.org/features/enhancing-the-game-day-experience/ ; https://inglewoodtickets.com/parking/sofi-stadium
6,Intuit Dome,dedicated garages; shared district (Hollywood Park; garages also sold for SoFi events),"~18,000 basketball (reported)","EIR: West garage ~3,110 + East garage ~365 = ~3,475 (official, IBEC EIR/NOD). '4,000+ on site' was on an earlier venue FAQ (reported); current FAQ (Oct 2026) gives no count.","Regional Park & Ride shuttles from Union Station, Expo/Sepulveda, Harbor Gateway TC, El Monte Station, Pierce College; plus electric micro-transit within 6 mi (official FAQ). Space counts n/f (Metro lots).",n/f,n/f (IBEC EIR transportation section has mode assumptions; not retrieved),n/f,Garages open 4 hr before event; all rideshare confined to Mobility Hub in East garage (official). Street closures n/f.,n/f,https://ceqanet.lci.ca.gov/2018021056/4 ; https://intuitdome.com/about/faq
7,"Kia Forum (formerly The Forum, renamed 2022)",dedicated lots; shared district (Forum lots sold for SoFi events),"~17,500 concert (reported)","n/f (no count found; lots accessed from Pincay Dr, Kareem Ct, Prairie Ave entrances - reported, ParkMobile)",n/f (Metro K Line Downtown Inglewood ~1 mi; city event shuttles on major dates - reported),n/f,n/f,n/f,"Lots open ~3 hr before, close 1 hr after event (reported, JustPark official-parking page). Rideshare zone at Lot H, Pincay & Prairie (reported).",n/f,https://www.justpark.com/us/event-parking/kia-forum/ ; https://parkingaccess.com/blog/the-forum-parking ; https://parkmobile.io/parking/locations/ca/los-angeles-parking/destination/sofi-stadium
8,Hollywood Bowl,stack parked,"17,500 concert (reported)","~1,350 (ESTIMATED: 1,700+ stacked spaces minus ~350 removed in 2024, reported LA Times via Yahoo). Only Lots A and D park cars, all stacked, no early exit (official).","14-15 Park & Ride lots across the region plus 4 shuttle lots (LA Zoo, Burbank Metrolink, two B Line stations); up to 165 buses (official, LA Phil). Space counts n/f.","n/f. 2024 season: ~115,400 fewer vehicles YTD attributed to bus ridership (official, LA Phil).","Bus (Shuttle + Park & Ride) share of LA Phil-event attendees: 26% (2022), 29% (2023), 36% (2024), 39% (2025) (official, LA Phil); ~31% in 2011 (official, LA County). ESTIMATED remainder ~61% by car/rideshare/walk/other in 2025 (100 - 39). Split among car/rideshare/walk n/f.",n/f,Stacked lots unpack in order; no early exit (official). Street/police plan n/f.,1-2 hr lot exits anecdotal only; no measured figure.,https://www.hollywoodbowl.com/visit/getting-here/parking ; https://www.hollywoodbowl.com/press/releases/2163 ; https://www.hollywoodbowl.com/about/watch-and-listen/keeping-it-green-seven-decades-of-shuttles ; https://www.hollywoodbowl.com/about/watch-and-listen/keeping-it-green-transportation-and-water-conservation ; https://zevyaroslavsky.org/news/transportation/bus-rail/bowl-rides-go-up-but-not-for-all.html ; https://au.news.yahoo.com/hollywood-bowl-parking-harder-l-171743489.html
9,Rose Bowl Stadium,stack parked; dedicated lots,"~88,000-90,000 football (reported)","No official total. ~20,000 on Brookside Golf Course + ~6,000 in nine paved lots (reported, Wikipedia, unsourced). Lot I = 1,520 (reported, Parkopedia). General parking Lots H, 1-4, 6, 8-10, stack-parked in rows of 5; lots open 4 a.m. for Rose Bowl Game; golf lots unavailable in rain (official, Tournament of Roses).","Parsons lot, Old Pasadena, with free game shuttle; Metro A Line Memorial Park + shuttle (official, Tournament of Roses). Space counts n/f.",n/f,n/f,n/f,"Pasadena PD manages street parking when golf lots close; posted no-parking on 10 streets around the Arroyo (reported, Pasadena Now). One-way outbound plan reported anecdotally; plan document n/f.",60-90 min lot exits anecdotal only (prked.com).,https://rosebowlgame.com/sports/2021/10/4/parking-map ; https://rosebowlgame.com/sports/2021/11/16/parking-transportation-information ; https://en.wikipedia.org/wiki/Rose_Bowl_(stadium) ; https://en.parkopedia.co.uk/parking/lot/rose_bowl_stadium_lot_i/91103/pasadena/ ; https://www.pasadenanow.com/main/city-tightens-rose-bowl-loop-arroyo-area-parking-restrictions
10,"Dignity Health Sports Park (formerly Home Depot Center / StubHub Center, renamed 2019)",dedicated lots; shared district (CSU Dominguez Hills campus lots; shared with tennis stadium),"27,000 soccer (reported); 30,000 NFL configuration 2017-19 (official, AEG)","10,000 on-site (official, AEG/Chargers 2017). CONFLICT: 8,500 total with nearly half borrowed from CSUDH campus (reported, LA Times 2017). Lots 10-13 tailgate lots (reported).","Chargers era: free park & ride at Harbor Gateway Transit Center and Del Amo Station with shuttles (official, Chargers 2017). Current: Galaxy Express shuttles (reported). Counts n/f.",n/f,n/f,n/f,All lots directed parking (official). Street plan n/f.,n/f,https://www.lagalaxy.com/news/stubhub-center-named-interim-home-los-angeles-chargers ; https://www.pressreader.com/usa/los-angeles-times/20170903/283540860861509 ; https://www.chargers.com/news/stubhub-center-and-los-angeles-chargers-advise-fans-to-arrive-early-150986
11,Dignity Health Sports Park Tennis Stadium,shared district (same campus lots as soccer stadium),"8,000 tennis (reported)","Shares the DHSP/CSUDH lots above (10,000 official vs 8,500 reported); no tennis-only allocation published.",n/f,n/f,n/f,n/f,n/f,n/f,https://www.dignityhealthsportspark.com/film-and-photo
12,Angel Stadium of Anaheim,dedicated lots,"45,483-45,517 baseball (reported)","12,500 (official, City of Anaheim; stadium-site agreement requires 12,500 be maintained). CONFLICT: 7,000 (Parkopedia); 12,000+ (fan site). Use 12,500.","None venue-run. ARTIC Metrolink/Amtrak station adjacent; Angels Express trains peaked at 50,000 riders in 2015 season, weeknight games only (official, MSRC).",n/f,n/f,n/f,"Three lot entrances: Douglass Rd, State College Blvd, Orangewood Ave; lot opens 2.5 hr before, closes 1 hr after event (official, team).","Lot closes 1 hr after event (official policy, not a measurement).",https://www.anaheim.gov/5207/The-Big-A ; https://abc7.com/post/anaheim-approves-deal-to-sell-stadium-to-angels-owner/5773982/ ; https://www.mlb.com/angels/ballpark/transportation/directions ; https://en.parkopedia.com/parking/lot/angel_stadium_of_anaheim/92806/anaheim/ ; https://www.cleantransportationfunding.org/node/390
13,Honda Center (formerly Arrowhead Pond; shared district with ARTIC/OCVIBE and Angel Stadium area),dedicated lots/garages; shared district (OCVIBE under construction),"~17,200 hockey; ~18,000+ concert (reported)","Current count n/f. Parking now included with event ticket at on-site lots plus new Katella and Cerritos garages; no separate pass (official, venue). OCVIBE buildout: 12,369-12,823 spaces at four structures plus other parking (official, City of Anaheim 2026 fact sheet); earlier sheet said 11,320 incl. 1,342 surface + 496 hotel (official, 2024). Structures A and D under construction 2026 (official).",None venue-run. ARTIC (Metrolink/Amtrak/OCTA) across Katella; rideshare pickup confined to ARTIC (official).,n/f,n/f,n/f,Rideshare/taxi relocated to ARTIC with traffic officers directing (official). Lots open 3 hr before event (official). Construction detours during OCVIBE build (official).,n/f,https://www.hondacenter.com/plan-your-visit/parking ; https://www.anaheim.net/DocumentCenter/View/66789/OCVibe-fact-sheet-2025 ; https://www.anaheim.net/DocumentCenter/View/32441/OCVibe-Fact-Sheet
14,Pauley Pavilion (Edwin W. Pauley Pavilion presented by Wescom),"shared district (UCLA campus structures; shared with Drake Stadium, LA Tennis Center)","~13,800 basketball (official, UCLA)","Event parking in UCLA Structures 4, 7, 8, 9; donor/season parking allocated first, day-of-game in remaining spaces (official, UCLA Athletics). Structure counts n/f. Campus total ~22,000 spaces (reported, secondary citing UCLA).",n/f (no shuttled lots; Metro/Big Blue Bus to Westwood; D Line Westwood/UCLA station opening ~2027),n/f,n/f,n/f,"Campus-directed parking; Sunset Blvd entry for north structures, Wilshire/Westwood for south (official). Street plan n/f.",n/f,https://uclabruins.com/sports/2013/4/17/208268462 ; https://woodenathleticfund.com/assets/pdf/tickets-parking/2023-pauley-pavilion-parking-map.pdf ; https://uclabruins.com/news/2013/4/17/208271486
15,Galen Center (USC),shared district (USC campus structures; adjacent to Exposition Park; Shrine Structure shared with Shrine Auditorium),"10,258 basketball (official, USC)","Figueroa Street, McCarthy Way, Royal Street and USC Shrine structures (official, Galen Center/USC). Figueroa St structure ~1,200 spaces (reported, Wikipedia); other counts n/f.",n/f (Metro E Line Jefferson/USC and Expo Park/USC adjacent; USC bus from Union Station - official),n/f,n/f,n/f,"For large events USC/LADOT close Figueroa St lanes and sidewalks around Galen Center (official, USC Transportation notice, 2019 Kids' Choice Awards example).",n/f,https://galencenter.org/sports/2023/11/27/galen-center-parking-garages.aspx ; https://usctrojans.com/facilities/?id=3 ; https://usctrojans.com/sports/2025/11/11/usc-trojans-athletics-on-campus-parking-transportation-garage ; https://customsitesmedia.usc.edu/wp-content/uploads/sites/516/2019/01/20164048/Parking-Update.pdf ; https://en.wikipedia.org/wiki/Galen_Center
16,Santa Anita Park,dedicated lots,"26,000 seated (reported, Visit Pasadena); Breeders' Cup/Derby Day crowds 50,000-65,000 historically (reported)","No space count found. 'Over 2.5 million sq ft of parking' (reported, Breeders' Cup site via secondary). ESTIMATED: 2.5M sq ft / ~325-350 sq ft per space = ~7,000-7,700 spaces. All on-site parking sold in advance for Breeders' Cup; dedicated rideshare lot (official, Breeders' Cup via TDN).",n/f (Metro A Line Arcadia station ~0.5 mi; no shuttled lots found),n/f,n/f,n/f,Dedicated rideshare lot for Breeders' Cup (official via TDN). Street plan n/f.,n/f,https://ladyandthetrack.com/news/16369/santa-anita-solid-breeders-cup-venue.html ; https://www.thoroughbreddailynews.com/breeders-cup-tickets-on-sale-may-4/ ; https://www.visitpasadena.com/directory/santa-anita-park/
17,"In-N-Out Burger Pomona Dragstrip (formerly Auto Club Raceway at Pomona, renamed 2023)",shared district (Fairplex grounds; dragstrip sits in/beside Fairplex parking),"~40,000 (reported, LA Public Library/Calisphere)","Shares Fairplex surface lots (see #18); no dragstrip-specific count. Fairplex has 'over 300 acres of surface parking' (reported, Specific Plan consultants). ESTIMATED: 300 acres x ~110-120 spaces/acre = ~33,000-36,000 spaces grounds-wide, not all usable during drags.","LA County Fairplex Park & Ride, 553 spaces, commuter lot adjacent (official, LA County DPW); not an event shuttle lot.",n/f,n/f,n/f,n/f,n/f,https://en.wikipedia.org/wiki/In-N-Out_Burger_Pomona_Dragstrip ; https://calisphere.org/item/4112f3379db9535141cdb9179c4e327a ; https://www.somosgroup.org/project-overview/fairplex ; https://pw.lacounty.gov/transit/ParkRideFairplex.aspx
18,Fairplex (Pomona),dedicated lots; shared district (with Pomona Dragstrip),Varies by event; LA County Fair daily attendance n/f in this pass,"No official count. 'Over 300 acres of surface parking lots' (reported, Specific Plan consultants). ESTIMATED ~33,000-36,000 spaces (300 acres x 110-120/acre). Specific Plan proposes converting much of this to housing; counts will fall.","Fairplex Park & Ride 553 spaces (official, LA County DPW). Metrolink San Bernardino Line Fairplex stop on fair days; Metro A Line Pomona North nearby (reported).",n/f,n/f,n/f,n/f,n/f,https://www.somosgroup.org/project-overview/fairplex ; https://pw.lacounty.gov/transit/ParkRideFairplex.aspx ; https://en.wikipedia.org/wiki/Fairplex
19,"Weingart Stadium (East Los Angeles College, Monterey Park)",shared district (campus structures and stadium lot),"22,355 (reported, Wikipedia); East LA Classic crowds 25,000+ (reported)","Stadium Lot, Concourse Parking, Parking Structures 3 and 4 on ELAC campus (official campus map); counts n/f.",n/f,n/f,n/f,n/f,n/f,n/f,https://elac.edu/sites/elac.edu/files/2025-01/ELAC-Campus-Map-January-2025.pdf ; https://en.wikipedia.org/wiki/Weingart_Stadium
20,Long Beach Arena (Long Beach Convention & Entertainment Center),downtown grid; shared district (Convention Center/Terrace Theater lots),"13,500 (official, LBCEC); 12,500 hockey / 14,000 basketball (reported)","Center-wide: Arena Garage 1,460; Terrace Theater Garage 800; Promenade Garage 350; Main Lot (Shoreline Dr) 1,500 = 4,110, 'over 4,000' (official, LBCEC). Shared across all center venues; arena-only allocation n/f.",n/f (Metro A Line Downtown Long Beach terminus adjacent; downtown garages uncounted),n/f,n/f,n/f,Directional signage via Shoreline Dr/Linden Ave (official). Street closures n/f.,n/f,https://www.longbeachcc.com/directions-parking
21,Drake Stadium (UCLA),shared district (UCLA campus structures; adjacent to Structures 7/8),"11,700 track (reported, dailyrelay.com)","Shares UCLA Structures 4, 7, 8, 9 with Pauley Pavilion (official campus maps); counts n/f.",n/f,n/f,n/f,n/f,n/f,n/f,https://dailyrelay.com/?p=8253 ; https://woodenathleticfund.com/assets/pdf/tickets-parking/2023-pauley-pavilion-parking-map.pdf
22,Los Angeles Tennis Center (UCLA),shared district (UCLA campus; adjacent to Structure 8),"~5,800 (reported)",Shares UCLA Structure 8 and nearby structures (official parking map); counts n/f.,n/f,n/f,n/f,n/f,n/f,n/f,https://woodenathleticfund.com/assets/pdf/tickets-parking/2023-pauley-pavilion-parking-map.pdf ; https://www.tickets.ucla.edu/venue-maps-directions
23,Veterans Memorial Stadium (Long Beach City College) - CLOSED for demolition/rebuild from Sept 2026; new complex ~2029,dedicated lots,"11,000 (official, LBCC) / 11,600 (reported)","2,931 stalls + 56 accessible stalls in the stadium lot (official, LBCC) - as it operated through Aug 2026. Rebuild cuts into this lot; LBCC Parking Structure 1 at Clark Ave to offset (reported, The562).",n/f,n/f,n/f,n/f,n/f,n/f,https://lbcc.edu/veterans-stadium ; https://lbcc.edu/post/outdoor-areas ; https://www.the562.org/?p=184663 ; https://sigtrib.com/?p=146603
24,Titan Stadium (Cal State Fullerton),shared district (campus lots/structures),"10,000 soccer (official, CSUF)","Event parking in Lot S8 (formerly Lot A), Lot S10 (formerly G, ADA), Eastside structures (official, CSUF commencement map); counts n/f.",n/f,n/f,n/f,n/f,Campus road closures for commencement (official map). Other events n/f.,n/f,https://csufullerton.prestosports.com/athletics/titan_stadium ; https://www.fullerton.edu/commencement/_assets/pdfs/2026-commencement-map.pdf
25,"Pacific Amphitheatre (OC Fair & Event Center, Costa Mesa)",dedicated lots; shared district (fairgrounds lots shared with OC Fair during fair season),"8,500 fixed seats (official, OCFEC 2010); ~8,000-8,200 after 2013 rework (reported)","OCFEC grounds parking shared with fair; ~8,000 spaces grounds-wide (reported, trade directories; not verified against OCFEC). Lot F = 300 (reported, Parkopedia). Reserved amphitheatre parking via Gate 4 (reported).",During fair season overflow drivers directed to nearby offsite lots (reported); locations/counts n/f.,n/f,n/f,n/f,n/f,n/f,https://ocfair.com/?p=2067 ; https://ocfair.com/pacific-amphitheatre/ ; https://www.amimagazine.global/Meeting-Event-Venues/Costa-Mesa-CA/Convention-Center/Orange-County-Fair-Event-Center-p58486558 ; https://en.parkopedia.com/parking/lot/oc_fair_event_center_lot_f/92626/costa_mesa/
26,Anaheim Convention Center (Arena),dedicated garages; shared district (Anaheim Resort; overflow to Disney Toy Story lot and GardenWalk),"Arena 7,500 (official, ACC); exhibit halls far larger for conventions","Seven Car Parks (official, ACC); total count n/f. ACC North car park ~1,000 (reported, convention site). Overflow routed to Toy Story lot and GardenWalk garage at ACC rate (official event pages).",Anaheim Resort Transportation (ART) buses from resort hotels (official); no dedicated shuttled lots found.,n/f,n/f,n/f,Rideshare pickup for large events moved to Toy Story lot on Harbor Blvd (official event page). Overhead message signs direct overflow (official).,n/f,https://www.comic-con.org/wc/plan-your-visit/getting-here/parking/ ; https://support.d23.com/hc/en-us/articles/50274353491219-Location-Information ; https://www.lacon.org/parking/ ; https://ca.reel-scout.com/loc_detail_content.aspx?id=6578
27,"Peacock Theater (formerly Microsoft Theater / Nokia Theatre, renamed 2023)",downtown grid; shared district (L.A. Live with Crypto.com Arena),"~7,100 (reported)","Shares L.A. Live/Convention Center supply with Crypto.com Arena - see row 2: code-required 3,583 for L.A. Live (official EIR); 42,922 off-street spaces within 15-20 min walk (official LADOT 2012). L.A. Live West/East garage counts n/f.",None venue-run; Metro A/E Line Pico station adjacent.,n/f,See row 2 (EIR stadium assumptions only; no theater-specific data).,n/f,n/f,n/f,https://libraryarchives.metro.net/DPGTL/losangelescity/convention-event-center-DEIR/Farmers-Field-DEIR-Volume-8-Appendix-I.2-LADOT-Traffic-Study-Approval-Letter.pdf
28,Shrine Auditorium & Expo Hall,downtown grid; shared district (USC Shrine Structure shared with Galen Center),"~6,300 (reported)","USC Shrine Structure (686 W 32nd St) and adjacent USC structures (official, USC Athletics parking page lists Shrine Structure); counts n/f.",n/f (Metro E Line Expo Park/USC ~0.5 mi),n/f,n/f,n/f,n/f,n/f,https://usctrojans.com/sports/2025/11/11/usc-trojans-athletics-on-campus-parking-transportation-garage ; https://parkmobile.io/parking/locations/ca/los-angeles-parking/neighbourhood/university-park
29,YouTube Theater (Hollywood Park),shared district (Hollywood Park lots shared with SoFi Stadium),"6,000 (official, 'Performance Venue' in ITC transportation study)",Shares Hollywood Park zones with SoFi; see row 5. No theater-specific allocation published. Lots close 1 hr after event (official SoFi/Hollywood Park FAQ).,"Inglewood Park & Go (4,000+, official) serves Hollywood Park events generally.",n/f,n/f,n/f,See row 5.,n/f,https://envisioninglewood.org/wp-content/uploads/2022/01/Apx_O_Transportation.pdf ; https://www.sofistadium.com/plan-your-visit/faqs
30,Greek Theatre (Griffith Park),stack parked,"~5,900 (reported)","Venue-run lots: General Parking, Lot C, Lot F (motorcycles), Lot G, Quick Park; most stacked; prepay only via JustPark (official). Space count n/f. 'Greek Theatre parking is very limited' (official).","Pony Ride Train Lot, Griffith Park (Crystal Springs Dr & Los Feliz Blvd), with shuttle run with LADOT; $15/person (official). Count n/f.",n/f,n/f,n/f,Stacked lots unpack in sequence (official). Street plan n/f.,Blogs: 30 min to 1+ hr to exit stacked lots (anecdotal).,https://www.lagreektheatre.com/parking-shuttle ; https://parkmobile.io/?p=5747 ; https://thisstage.la/greek-theatre-parking/
31,"Championship Soccer Stadium (Orange County Great Park, Irvine)",shared district (Great Park lots; former FivePoint Amphitheatre site),"5,500 after Feb 2026 expansion (reported); 5,000 previously (official, OCSC)","Great Park public lots; count n/f. City added 2,000 spaces for Great Park Live area in 2024 (reported, Pollstar). Permanent amphitheater plan calls for 4,500 spaces (reported, OCBJ).",n/f (Irvine Station Metrolink/Amtrak adjacent),n/f,n/f,n/f,n/f,n/f,https://en.wikipedia.org/wiki/Championship_Soccer_Stadium ; https://www.orangecountysoccer.com/about-ocsc ; https://news.pollstar.com/2024/08/15/its-a-temporary-thing-in-irvine/ ; https://www.ocbj.com/real-estate/plans-for-irvines-130m-amphitheater-take-shape/
32,Bren Events Center (UC Irvine),dedicated garage; shared district (campus),"~5,000 (reported)","Mesa Parking Structure, 1,300 vehicles, adjacent (official, UCI Athletics); overflow to other campus lots directed by UCI Transportation (official).",None; some hotels run shuttles (official).,n/f,n/f,n/f,UCI Transportation staff direct to overflow lots when MPS fills (official).,n/f,https://ucirvinesports.com/sports/2017/7/18/directions ; https://wgasc.org/wp-content/uploads/2024/09/Spectator-Guide-4.13-Bren.pdf
33,LBS Financial Credit Union Pyramid (formerly Walter Pyramid; renamed Nov 2025),shared district (CSULB campus lots),"4,000-5,000 (official 4,000, CSULB; 5,000 reported)","CSULB Lots 13, 14A and Parking Structure 1 (reported, StubHub); counts n/f.",n/f,n/f,n/f,n/f,n/f,n/f,https://en.wikipedia.org/wiki/LBS_Financial_Credit_Union_Pyramid ; https://www.csulb.edu/administration-finance/event-services/2028-summer-games ; https://stubhub.com/walter-pyramid-tickets/venue/95497
34,Empire Polo Club (Indio) - Coachella / Stagecoach,dedicated lots (festival fields); multi-day with on-site camping,"~125,000/day Coachella (reported, 2026 city/NBC); ~75,000-80,000/day at time of 2012 EIR data","Festival-controlled fields; space count n/f. Stagecoach RV camping 2,500 spaces (official, Indio Music Festivals EIR 2012). On-street parking banned within 1 mi; effectively all parking on-site (official EIR).","Valley Music Travel shuttle network from hotels and park-and-ride lots (Palm Springs, Palm Desert, Indian Wells Tennis Garden); capacity ~31,100 persons/day in 2012 (official EIR). Current (Any Line) system larger; counts n/f.","Measured n/f. 2012: shuttle averaged 16,700 passengers/day; 12,500/day in 2011 (official EIR).","Measured partial: ESTIMATED 2012 shuttle share = 16,700 / ~75,000 = ~22%. Car (day parking + camping), taxi, walk/bike shares n/f; 'nearly a third' of departing travelers are campers (reported, Indio officials 2019). Modern shuttle share n/f.","Measured (official, 2012 EIR counts): car camping 2.65; day parking 2.98; taxi 2.84 patrons; staff 2.03 persons/vehicle.","City of Indio Traffic Plan (official): Avenue 50 Madison-Jackson/Monroe closed for festival weeks; Madison St Ave 49-52, Avenue 49 Hjorth-Monroe, Hjorth St closed; signals set to flashing red with manual control; traffic control officers at numerous intersections; pedestrian prohibitions on Monroe/Madison; rideshare lot at Ave 49 & Monroe; taxi/PUDO lot at Ave 52 & Madison (official EIR + 2025 city plan via Spectrum).","MEASURED (official, 2012 EIR observation): nightly outbound traffic dispersed within ~1.5-2 hours of event end; queues build/disperse in 15-30 min; camping load-out mostly 8-11 AM Monday, site clear by noon.",https://laquintaca.gov/home/showpublisheddocument/21248/635494131460530000 ; https://spectrumnews1.com/ca/la/transportation/2025/04/01/traffic-coachella-music-festival ; https://www.nbcpalmsprings.com/local-and-community/2026/04/09/coachella-traffic-improvements-show-early-success-in-indio ; https://www.kvcrnews.org/post/coachella-traffic-exodus-begins-morning-10-fwy-westbound-will-be-jammed-ie
35,FivePoint Amphitheatre (Irvine) - CLOSED Oct 2023; as operated 2017-2023,dedicated lots (temporary venue at Great Park),"12,000 (official, Live Nation/FivePoint)","4,000 on-site (reported, Ticketmaster blog) vs ~4,500 in permit filing (reported, OC Weekly 2016) - minor conflict. General parking included with ticket (reported).",None; Irvine Station (Metrolink/Amtrak) ~5-min walk (reported).,n/f,n/f,n/f,n/f,Blog: 'two-hour parking lot escape' (anecdotal).,https://blog.ticketmaster.com/step-inside-fivepoint-amphitheatre ; https://www.ocweekly.com/?p=109408 ; https://enjoyorangecounty.com/?p=356
36,Citi Field,dedicated lots (shrinking); adjacent rail,"~41,900 baseball (reported)","Count in flux: Metropolitan Park casino/entertainment district construction began in team lots in 2026; team says parking 'more limited' and drive-up not always available (official, team/press). Lots: Main lots and Lot G inside fence line plus three outside incl. Southfield/Commuter Lot (official, team). Historical: Citi Field construction removed 2,100 spaces (reported, Sam Schwartz). Current total n/f; the Metropolitan Park environmental review should list existing supply.","2026: team-run game-day bus shuttles from five malls in Nassau, Suffolk, NJ and the Bronx to the Citi Field Bus Lot (official, team); Metropolis-partner discounted off-site garages at Skyview, Flushing Commons, Flushing Plaza (official). Counts n/f.",n/f,"Measured: transit share rose to 45% during 2008-09 construction, 'more than double' any prior level (reported, Sam Schwartz consultant case study). Shea Stadium study (2000): good rail carries up to 40% of spectators (reported, TRR peer-reviewed). Current share n/f.","Shea Stadium study: AVO 2.2-2.3 with good rail transit vs ~2.6 without (reported, Grava & Nangle 2000, TRR 1735).","NYPD and traffic personnel direct drivers to designated lots (official, team). Rideshare drop on Roosevelt Ave/Seaver Way (official). Street closures n/f.",n/f,https://www.mlb.com/mets/tickets/stadium-parking ; https://www.nbcnewyork.com/news/sports/how-to-get-to-citi-field/6477611 ; https://www.qchron.com/editions/queenswide/mets-offering-fans-alternatives-to-cars/article_7123a1d9-b6b6-5579-8843-962f46ff9d90.html ; https://www.samschwartz.com/citi-field-transit-access-service-improvement ; https://www.worldtransitresearch.info/research/1091
37,Petco Park,downtown grid,"~40,200 baseball (reported)","Downtown venue; Padres-run Parkade/lots count n/f. City raised meters within 0.5 mi to $10/hr during games (reported, KGTV). Downtown off-street supply n/f in this pass.","MTS free Park & Ride lots systemwide (Old Town 400+, El Cajon 400+, Grossmont 220, Amaya 236, H St 295, Balboa 227, Tecolote 279, Spring St 235, Morena/Linda Vista ~200) (official, MTS).",n/f,"Trolley: average 8,000 riders on sellout dates (official, MTS 2024 and 2025 seasons); 8,000-12,000 on game days (official, MTS spokesperson 2025). ESTIMATED: 8,000 / ~40,200 = ~20% by trolley at sellouts. 2004: ~24% (reported, old). Car/walk/rideshare split n/f.",n/f,Three trolley lines serve stations at the park; MTS adds service until crowds diminish (official). Street closures n/f.,n/f,https://www.sdmts.com/inside-mts/media-center/news-releases/boosted-trolley-service-makes-getting-petco-park-easier ; https://www.sdmts.com/inside-mts/media-center/news-releases/mts-boosts-trolley-service-padres-opening-weekend-and-beyond ; https://www.10news.com/news/local-news/padres-fans-turn-to-trolley-as-parking-meters-near-petco-park-jump-to-10-per-hour-during-games
38,T-Mobile Park (Seattle),downtown grid; shared district (SODO stadium district with Lumen Field),"~47,900 baseball (reported)","T-Mobile Park garage ~2,100 (official, Washington State PFD ballpark.org); Lumen Field Event Center garage and Union Station garages also used (official PFD/team); counts n/f. New ride-share lot funded by PFD and Mariners (official).","None team-run; Sound Transit Link park-and-rides (Lynnwood, Northgate, Angle Lake, Tukwila) (reported, KOMO/Mariners).",n/f,n/f,n/f,Street closures n/f.,n/f,https://ballpark.org/directions-and-parking/ ; https://komonews.com/sports/tmobile-park-cal-raleigh-seattle-mariners-game-tickets-parking-transportation-faq-value-menu-food-bag-policy-beer-mlb-baseball-julio-rodriguez-opening-day-tips
39,Wintrust Arena (Chicago),dedicated garages; shared district (McCormick Place),"10,387 basketball (official)","McCormick Place Lot A garage 2,100 (closest, skybridge); Lot C underground garage 1,900; Lot B surface lot at 31st St, count n/f (official, venue). Total >= 4,000.",n/f (CTA Green Line Cermak-McCormick Place and Metra McCormick Place adjacent),n/f,n/f,n/f,Prepaid parking guaranteed even when lots full (official). Street closures n/f.,Limo operator: plan for 20+ min post-event delays on Cermak corridor (anecdotal).,https://www.wintrustarena.com/plan-your-visit/directions-parking
40,Amalie Arena (Tampa),downtown grid; shared district (Water Street Tampa / Channelside),"~19,100 hockey (reported)","Venue controls no parking (official). Nearby city garages: Pam Iorio (formerly South Regional) 790 hourly + 350 monthly = 1,140; Tampa Convention Center 465; Ft Brooke 556 (official, City of Tampa). Downtown Tampa total 11,372 off-street + 2,097 on-street (reported, Parkopedia).",None venue-run; TECO streetcar free from Channelside/downtown lots (official).,n/f,n/f,n/f,Rideshare at Tampa Convention Center and Florida Aquarium (reported). Street closures n/f.,n/f,https://www.amaliearena.com/parking ; https://www.tampa.gov/tcc/blog/guide-to-parking ; https://en.parkopedia.com/parking/lot/amalie_arena_green_lot/33602/tampa
41,"Mortgage Matchup Center (Phoenix; formerly Footprint Center, renamed 2025)",downtown grid,"~17,000 basketball (reported)","Attached 5-level garage ~700 spaces, mostly premium/suite (reported, prked.com); venue says 'several garages and lots within walking distance', no counts (official). Downtown Phoenix supply n/f.","n/f (Valley Metro light rail; Rail Ride Event: event ticket is free light-rail fare 4 hr before through end of transit day - reported, multiple)",n/f,n/f,n/f,n/f,n/f,https://www.mortgagematchupcenter.com/plan-your-visit/transportation-parking/ ; https://prked.com/mortgage-matchup-center-parking-phoenix ; https://www.koobit.com/suns-vs-timberwolves-e233422
42,Golden 1 Center (Sacramento),downtown grid,"~17,500 basketball (official, city)","Downtown venue: 15,500 off-street spaces within four blocks (official, City of Sacramento; prior-pass lead, not re-fetched this pass). SacPark city garages prepaid (official).","None venue-run; SacRT light rail with 22 park-and-ride lots (official, SacRT); Yolobus Y Shuttle from West Sacramento; Roseville Transit Game Day Express (official, city).","~7,000 cars at a sold-out Kings game (official, City of Sacramento; prior-pass lead). Pre-opening city estimate: 'fewer than 8,000 cars' for 17,500 (reported, Sacramento Bee via GovTech).","Light rail carried up to 11% of attendees in 2016-17 season (official, SacRT via City Express). Pre-opening EIR estimate 10-15% transit/walk/bike (reported). Car share ESTIMATED ~85-90% by subtraction; rideshare/walk split n/f.","City assumed 2-3 persons per car pre-opening (reported, GovTech/Sac Bee); measured n/f.","City/SacPD plan for events >10,000: L St and 5th St closed; closures start 60 min before event, re-imposed 30 min before end, removed 30-45 min after (official, City of Sacramento). Rideshare zones on J St 3rd-5th, I St 7th-8th, 4th St L-Capitol Mall (official). Light rail runs 45 min after events (official, SacRT).",Street closures lifted 30-45 min after event (official policy/plan). Blog: 15-min garage exit + 10-min stoplight queue (anecdotal).,https://www.cityofsacramento.org/Arena/Project-Process ; https://www.capradio.org/articles/2016/09/15/traffic-plans-for-sacramento-downtown-arena-events-unveiled/ ; https://sacramentocityexpress.com/2016/10/04/city-encourages-planning-ahead-when-going-to-the-paul-mccartney-concert/amp/ ; https://sacramentocityexpress.com/2017/10/16/sacrt-offers-free-ride-day-for-kings-season-opener/ ; https://www.govtech.com/fs/Sacramento-Calif-Transportation-Officials-Prepare-for-Downtown-Arena-Grand-Opening.html
43,Ohio Stadium (Columbus),dedicated lots; shared district (campus-wide lots and garages via CampusParc),"~102,800 football (reported)","No total found. Historical pieces (official, OSU news): ~3,000 grass spaces lost 1997 (Schottenstein site), 700 lost 1996, ~900 fewer 2003, 420 restored west of stadium 2001; 800+ north of St. John Arena, 800+ Neil Ave garage (2009). CampusParc runs three proximity tiers; all lots open 5 a.m. (reported).","West Campus non-proximity lots with free shuttle (Mount Hall/Carmack Lot 1 to Herrick Dr Transit Hub) (official, OSU/CampusParc). COTA park-and-ride at Ohio Expo Center and Crosswoods with shuttles running 3 hr before to 2 hr after (official, OSU news). Counts n/f.",n/f,n/f,n/f,"Campus streets one-way inbound from ~2 hr before kickoff, reversed one-way outbound after game; police-directed (official, OSU). Campus CABS buses suspended 6 hr before to 2 hr after (reported, Lantern/CampusParc). Fans told to park north or south of stadium by homebound direction (official).","60-90 min to clear lots/garages (reported, ABC6; prior-pass lead). COTA shuttles run 2 hr post-game (official) - a service window, not a measurement.",https://news.osu.edu/football-parking-information/ ; https://news.osu.edu/2009-football-parking-information/ ; https://news.osu.edu/usc-football-game-traffic-and-parking-information/ ; https://www.thelantern.com/?p=421038 ; https://abc6onyourside.com/sports/the-football-fever/what-to-know-before-you-go-to-osu-home-football-games-this-season-ohio-state-buckeyes-parking-college-football-parking-traffic-columbus-stadium
